{"cameraMode":{"drawMode":0,"name":"Shaded","section":"Shading Mode"},"sceneLighting":true,"audioPlay":false,"sceneViewState":{"showFog":false,"showMaterialUpdate":true,"showSkybox":true,"showFlares":true,"showImageEffects":true,"showParticleSystems":true},"in2DMode":false,"pivot":{"x":0.43234559893608096,"y":-1.1483490467071534,"z":3.890038013458252},"rotation":{"x":0.5920995473861694,"y":-0.33929023146629336,"z":0.3017495274543762,"w":0.6657684445381165},"size":0.6662625074386597,"orthographic":false}