{"cameraMode":{"drawMode":0,"name":"Shaded","section":"Shading Mode"},"sceneLighting":true,"audioPlay":false,"sceneViewState":{"showFog":true,"showMaterialUpdate":false,"showSkybox":true,"showFlares":true,"showImageEffects":true,"showParticleSystems":true},"in2DMode":false,"pivot":{"x":-0.41799965500831606,"y":0.029924998059868814,"z":1.278937578201294},"rotation":{"x":0.10433926433324814,"y":0.7297061085700989,"z":-0.11431601643562317,"w":0.6660136580467224},"size":1.932255506515503,"orthographic":false}